9,12,3,2,14,7,6,5,8,4,25,13,11,0,17,15,1,24,10,16,18,22,19,21,29,27,20,26,28,23
001039.mp3,001040.mp3,001066.mp3,001069.mp3,001073.mp3,001075.mp3,001082.mp3,001083.mp3,001102.mp3,001193.mp3,001197.mp3,001249.mp3,001417.mp3,001482.mp3,001685.mp3,001925.mp3,003492.mp3,003778.mp3,003832.mp3,003904.mp3,004022.mp3,004092.mp3,004520.mp3,004777.mp3,006610.mp3,010250.mp3,011765.mp3,011916.mp3,018033.mp3,040985.mp3
001196.mp3,001883.mp3,001278.mp3,001195.mp3,003270.mp3,001087.mp3,001427.mp3,001277.mp3,001270.mp3,001663.mp3,001510.mp3,002099.mp3,001649.mp3,001704.mp3,006459.mp3,003763.mp3,003708.mp3,003833.mp3,003840.mp3,010377.mp3,004103.mp3,024366.mp3,007491.mp3,004779.mp3,,044801.mp3,015476.mp3,038901.mp3,022475.mp3,149727.mp3
001276.mp3,003573.mp3,001666.mp3,001259.mp3,010671.mp3,001544.mp3,001661.mp3,001443.mp3,001673.mp3,001891.mp3,,003776.mp3,003263.mp3,001720.mp3,010375.mp3,004102.mp3,003724.mp3,006609.mp3,003950.mp3,010673.mp3,004108.mp3,036272.mp3,012353.mp3,014063.mp3,,057819.mp3,022477.mp3,,051661.mp3,
001642.mp3,004095.mp3,001681.mp3,001684.mp3,010672.mp3,001644.mp3,001686.mp3,001680.mp3,001687.mp3,002012.mp3,,004096.mp3,003533.mp3,004507.mp3,011673.mp3,006366.mp3,006332.mp3,031389.mp3,004094.mp3,010674.mp3,021587.mp3,038777.mp3,012486.mp3,017884.mp3,,,036333.mp3,,,
001703.mp3,004234.mp3,001893.mp3,001688.mp3,010699.mp3,001683.mp3,001701.mp3,001682.mp3,001702.mp3,003265.mp3,,006605.mp3,004778.mp3,004508.mp3,012530.mp3,006443.mp3,006358.mp3,040235.mp3,004100.mp3,010992.mp3,032334.mp3,148120.mp3,018159.mp3,034511.mp3,,,038829.mp3,,,
001732.mp3,004236.mp3,003271.mp3,001706.mp3,010808.mp3,001689.mp3,001733.mp3,001924.mp3,001735.mp3,003534.mp3,,006762.mp3,004787.mp3,005170.mp3,015770.mp3,006606.mp3,006368.mp3,051115.mp3,004101.mp3,013561.mp3,040229.mp3,148216.mp3,024421.mp3,064796.mp3,,,043843.mp3,,,
001930.mp3,006788.mp3,003274.mp3,001736.mp3,011675.mp3,003624.mp3,003273.mp3,001929.mp3,002096.mp3,003535.mp3,,006776.mp3,005381.mp3,006855.mp3,019729.mp3,007482.mp3,006390.mp3,,004682.mp3,023505.mp3,049856.mp3,150064.mp3,029721.mp3,065064.mp3,,,046846.mp3,,,
003707.mp3,010521.mp3,003538.mp3,002097.mp3,011937.mp3,003762.mp3,003537.mp3,003532.mp3,003264.mp3,003761.mp3,,007377.mp3,006406.mp3,007393.mp3,026600.mp3,010677.mp3,007385.mp3,,005156.mp3,024362.mp3,056689.mp3,,032338.mp3,068842.mp3,,,049849.mp3,,,
003896.mp3,010675.mp3,003779.mp3,003598.mp3,012513.mp3,003777.mp3,003721.mp3,003720.mp3,003266.mp3,003765.mp3,,007529.mp3,006675.mp3,007712.mp3,032882.mp3,011019.mp3,008416.mp3,,005940.mp3,024363.mp3,058054.mp3,,036984.mp3,070655.mp3,,,053863.mp3,,,
003913.mp3,011771.mp3,003895.mp3,003912.mp3,015625.mp3,003921.mp3,003725.mp3,003722.mp3,003272.mp3,003766.mp3,,010376.mp3,006679.mp3,011334.mp3,038821.mp3,011200.mp3,009557.mp3,,006357.mp3,030041.mp3,059667.mp3,,046161.mp3,096743.mp3,,,093363.mp3,,,
004521.mp3,011792.mp3,004067.mp3,003920.mp3,015769.mp3,004511.mp3,003775.mp3,003911.mp3,003905.mp3,003909.mp3,,010458.mp3,006783.mp3,012052.mp3,038891.mp3,011946.mp3,009888.mp3,,006367.mp3,036618.mp3,064248.mp3,,052950.mp3,,,,093519.mp3,,,
004848.mp3,012047.mp3,004091.mp3,004013.mp3,017491.mp3,004519.mp3,003880.mp3,004069.mp3,003908.mp3,004037.mp3,,011204.mp3,007713.mp3,014319.mp3,040509.mp3,012349.mp3,011793.mp3,,006379.mp3,037911.mp3,069222.mp3,,055121.mp3,,,,,,,
005268.mp3,012061.mp3,004232.mp3,004017.mp3,017500.mp3,004781.mp3,003906.mp3,004072.mp3,004078.mp3,004066.mp3,,011239.mp3,009553.mp3,014580.mp3,044342.mp3,014386.mp3,011867.mp3,,006467.mp3,038847.mp3,,,060048.mp3,,,,,,,
005376.mp3,013191.mp3,004450.mp3,004073.mp3,019760.mp3,004782.mp3,003910.mp3,004074.mp3,004235.mp3,004068.mp3,,011261.mp3,009559.mp3,019418.mp3,047895.mp3,018044.mp3,012050.mp3,,007709.mp3,043517.mp3,,,148517.mp3,,,,,,,
006383.mp3,014539.mp3,004786.mp3,004076.mp3,020296.mp3,004785.mp3,004070.mp3,004077.mp3,004522.mp3,004071.mp3,,011638.mp3,009918.mp3,023372.mp3,049479.mp3,019416.mp3,012348.mp3,,010382.mp3,046078.mp3,,,,,,,,,,
006469.mp3,016338.mp3,004788.mp3,004233.mp3,020424.mp3,004835.mp3,004079.mp3,004080.mp3,005006.mp3,004075.mp3,,014744.mp3,010388.mp3,027164.mp3,051263.mp3,020361.mp3,012481.mp3,,010441.mp3,047661.mp3,,,,,,,,,,
006674.mp3,016878.mp3,006370.mp3,004846.mp3,022088.mp3,004838.mp3,004099.mp3,004097.mp3,005157.mp3,004093.mp3,,015773.mp3,010993.mp3,028376.mp3,052141.mp3,025603.mp3,012518.mp3,,010669.mp3,049477.mp3,,,,,,,,,,
007386.mp3,017610.mp3,006372.mp3,005169.mp3,022474.mp3,006387.mp3,004509.mp3,004098.mp3,005159.mp3,004239.mp3,,016163.mp3,011020.mp3,028479.mp3,052648.mp3,025605.mp3,013197.mp3,,010694.mp3,051919.mp3,,,,,,,,,,
008357.mp3,017633.mp3,006389.mp3,006407.mp3,024698.mp3,006394.mp3,004510.mp3,004688.mp3,005171.mp3,004780.mp3,,016743.mp3,011672.mp3,031391.mp3,052860.mp3,028548.mp3,013767.mp3,,011306.mp3,053158.mp3,,,,,,,,,,
010682.mp3,019179.mp3,006396.mp3,006461.mp3,028274.mp3,006442.mp3,004684.mp3,004784.mp3,005936.mp3,004799.mp3,,016744.mp3,011773.mp3,033422.mp3,053729.mp3,036304.mp3,014344.mp3,,011679.mp3,054437.mp3,,,,,,,,,,
011234.mp3,024367.mp3,006440.mp3,006611.mp3,028571.mp3,006680.mp3,004685.mp3,004849.mp3,006381.mp3,004836.mp3,,016745.mp3,012146.mp3,034996.mp3,054037.mp3,036428.mp3,014589.mp3,,011776.mp3,055718.mp3,,,,,,,,,,
011333.mp3,024425.mp3,006517.mp3,006782.mp3,030521.mp3,006856.mp3,005264.mp3,006363.mp3,006857.mp3,005158.mp3,,017345.mp3,012147.mp3,036096.mp3,057691.mp3,038435.mp3,014601.mp3,,011778.mp3,055719.mp3,,,,,,,,,,
011681.mp3,026465.mp3,006603.mp3,007375.mp3,031044.mp3,007388.mp3,005521.mp3,006373.mp3,007374.mp3,005191.mp3,,017605.mp3,012352.mp3,039316.mp3,063803.mp3,038828.mp3,014740.mp3,,011933.mp3,057078.mp3,,,,,,,,,,
011683.mp3,026861.mp3,006684.mp3,007481.mp3,032435.mp3,007711.mp3,005879.mp3,006385.mp3,007527.mp3,006329.mp3,,018032.mp3,012484.mp3,040658.mp3,066394.mp3,040244.mp3,015541.mp3,,012066.mp3,059659.mp3,,,,,,,,,,
011766.mp3,027550.mp3,006779.mp3,007490.mp3,033064.mp3,008259.mp3,006360.mp3,006439.mp3,007548.mp3,006330.mp3,,019890.mp3,012514.mp3,043521.mp3,066405.mp3,040851.mp3,016997.mp3,,012482.mp3,064567.mp3,,,,,,,,,,
011791.mp3,027552.mp3,007373.mp3,007492.mp3,037779.mp3,009721.mp3,006382.mp3,006448.mp3,008256.mp3,006331.mp3,,020667.mp3,012552.mp3,043589.mp3,092551.mp3,042851.mp3,021231.mp3,,013220.mp3,064618.mp3,,,,,,,,,,
011794.mp3,027798.mp3,007376.mp3,007528.mp3,039291.mp3,010374.mp3,006778.mp3,006607.mp3,008345.mp3,006333.mp3,,021058.mp3,013707.mp3,051203.mp3,096694.mp3,043024.mp3,021400.mp3,,013556.mp3,064860.mp3,,,,,,,,,,
011818.mp3,030636.mp3,007379.mp3,008208.mp3,039875.mp3,010443.mp3,007378.mp3,006803.mp3,009511.mp3,006342.mp3,,021677.mp3,013735.mp3,052859.mp3,149750.mp3,043962.mp3,024422.mp3,,013768.mp3,070774.mp3,,,,,,,,,,
011839.mp3,032001.mp3,007483.mp3,008372.mp3,042238.mp3,010480.mp3,008261.mp3,006854.mp3,009962.mp3,006354.mp3,,024365.mp3,013928.mp3,052862.mp3,149951.mp3,046058.mp3,024432.mp3,,014588.mp3,092889.mp3,,,,,,,,,,
011862.mp3,032075.mp3,007495.mp3,009477.mp3,042310.mp3,010527.mp3,008363.mp3,007011.mp3,010383.mp3,006376.mp3,,024428.mp3,013930.mp3,053724.mp3,,049845.mp3,024701.mp3,,014734.mp3,093917.mp3,,,,,,,,,,
012048.mp3,033020.mp3,009152.mp3,009550.mp3,044798.mp3,010575.mp3,009678.mp3,007383.mp3,010386.mp3,006380.mp3,,027613.mp3,014603.mp3,056641.mp3,,051272.mp3,025055.mp3,,014743.mp3,094803.mp3,,,,,,,,,,
012058.mp3,033069.mp3,009846.mp3,010695.mp3,045389.mp3,010577.mp3,010389.mp3,007391.mp3,010481.mp3,006393.mp3,,028266.mp3,014690.mp3,056796.mp3,,053727.mp3,026011.mp3,,015094.mp3,,,,,,,,,,,
012351.mp3,034258.mp3,010384.mp3,011198.mp3,046079.mp3,010810.mp3,010440.mp3,007488.mp3,010670.mp3,006463.mp3,,029526.mp3,014739.mp3,059373.mp3,,054753.mp3,026016.mp3,,016337.mp3,,,,,,,,,,,
013328.mp3,036380.mp3,010435.mp3,011789.mp3,047100.mp3,011059.mp3,010444.mp3,007710.mp3,010676.mp3,006519.mp3,,030196.mp3,016821.mp3,059686.mp3,,058053.mp3,026022.mp3,,017634.mp3,,,,,,,,,,,
013538.mp3,036616.mp3,010439.mp3,012062.mp3,050952.mp3,011199.mp3,010809.mp3,009155.mp3,010983.mp3,006608.mp3,,032339.mp3,017644.mp3,059706.mp3,,059726.mp3,026301.mp3,,019707.mp3,,,,,,,,,,,
014208.mp3,037368.mp3,010447.mp3,012489.mp3,051305.mp3,011299.mp3,011237.mp3,009307.mp3,011264.mp3,006677.mp3,,032686.mp3,019184.mp3,061159.mp3,,062671.mp3,026466.mp3,,020050.mp3,,,,,,,,,,,
014320.mp3,038780.mp3,010535.mp3,012532.mp3,054061.mp3,011764.mp3,011242.mp3,009491.mp3,011768.mp3,006802.mp3,,036143.mp3,021895.mp3,061589.mp3,,064864.mp3,026765.mp3,,020364.mp3,,,,,,,,,,,
014579.mp3,038830.mp3,010679.mp3,013218.mp3,054576.mp3,011769.mp3,011268.mp3,009512.mp3,011770.mp3,007381.mp3,,037121.mp3,023063.mp3,063208.mp3,,065038.mp3,027258.mp3,,021404.mp3,,,,,,,,,,,
014733.mp3,038859.mp3,010807.mp3,013566.mp3,055236.mp3,011772.mp3,011504.mp3,009513.mp3,011783.mp3,007487.mp3,,038888.mp3,024371.mp3,064093.mp3,,065756.mp3,027454.mp3,,022000.mp3,,,,,,,,,,,
017588.mp3,038893.mp3,011671.mp3,013666.mp3,057418.mp3,011784.mp3,011508.mp3,009555.mp3,011947.mp3,007489.mp3,,040121.mp3,026020.mp3,064410.mp3,,067017.mp3,027802.mp3,,022097.mp3,,,,,,,,,,,
018124.mp3,038967.mp3,011763.mp3,014576.mp3,062586.mp3,011787.mp3,011682.mp3,010192.mp3,012053.mp3,007526.mp3,,040938.mp3,027455.mp3,064659.mp3,,067784.mp3,028260.mp3,,023015.mp3,,,,,,,,,,,
019417.mp3,040231.mp3,011774.mp3,014585.mp3,062748.mp3,011788.mp3,011779.mp3,010387.mp3,012173.mp3,007554.mp3,,041961.mp3,027611.mp3,064988.mp3,,092564.mp3,028480.mp3,,023156.mp3,,,,,,,,,,,
019441.mp3,041983.mp3,011795.mp3,014653.mp3,064629.mp3,011920.mp3,011790.mp3,010438.mp3,012189.mp3,007872.mp3,,042372.mp3,028478.mp3,065234.mp3,,093868.mp3,029528.mp3,,024217.mp3,,,,,,,,,,,
020365.mp3,042040.mp3,011918.mp3,014736.mp3,064994.mp3,012049.mp3,011861.mp3,010485.mp3,013539.mp3,008056.mp3,,042374.mp3,029350.mp3,067556.mp3,,148217.mp3,030316.mp3,,024424.mp3,,,,,,,,,,,
020376.mp3,043796.mp3,011919.mp3,014738.mp3,066390.mp3,012060.mp3,011951.mp3,010684.mp3,013591.mp3,009476.mp3,,042377.mp3,030043.mp3,067640.mp3,,148246.mp3,033067.mp3,,026652.mp3,,,,,,,,,,,
020432.mp3,043861.mp3,011922.mp3,014741.mp3,067007.mp3,012346.mp3,012045.mp3,010693.mp3,013668.mp3,009505.mp3,,043590.mp3,032340.mp3,070813.mp3,,148603.mp3,033424.mp3,,026657.mp3,,,,,,,,,,,
021087.mp3,045122.mp3,012065.mp3,014869.mp3,067016.mp3,012350.mp3,012376.mp3,010697.mp3,013804.mp3,009560.mp3,,043869.mp3,033426.mp3,096898.mp3,,148773.mp3,034147.mp3,,026859.mp3,,,,,,,,,,,
021228.mp3,045128.mp3,012067.mp3,017608.mp3,067357.mp3,012487.mp3,012390.mp3,010805.mp3,013927.mp3,009887.mp3,,044820.mp3,035608.mp3,148099.mp3,,,035443.mp3,,027456.mp3,,,,,,,,,,,
022094.mp3,045152.mp3,012174.mp3,017609.mp3,068356.mp3,012551.mp3,012508.mp3,011206.mp3,013929.mp3,010186.mp3,,044823.mp3,036099.mp3,150265.mp3,,,036388.mp3,,027548.mp3,,,,,,,,,,,
022150.mp3,045515.mp3,012179.mp3,018611.mp3,069792.mp3,013709.mp3,012537.mp3,011298.mp3,014363.mp3,010381.mp3,,045475.mp3,036615.mp3,150287.mp3,,,037136.mp3,,027945.mp3,,,,,,,,,,,
022295.mp3,047868.mp3,012485.mp3,019192.mp3,069798.mp3,013711.mp3,012691.mp3,011503.mp3,014737.mp3,010385.mp3,,046732.mp3,036643.mp3,,,,037592.mp3,,028375.mp3,,,,,,,,,,,
022296.mp3,049039.mp3,012490.mp3,019422.mp3,069830.mp3,014365.mp3,013199.mp3,011505.mp3,015487.mp3,010442.mp3,,047071.mp3,037147.mp3,,,,037781.mp3,,028553.mp3,,,,,,,,,,,
022480.mp3,055100.mp3,012654.mp3,019439.mp3,069947.mp3,014568.mp3,013378.mp3,011674.mp3,017344.mp3,010541.mp3,,047192.mp3,037784.mp3,,,,038775.mp3,,029961.mp3,,,,,,,,,,,
023010.mp3,055119.mp3,013571.mp3,019674.mp3,094035.mp3,014577.mp3,013537.mp3,011767.mp3,017499.mp3,010668.mp3,,047671.mp3,038896.mp3,,,,038902.mp3,,030056.mp3,,,,,,,,,,,
023041.mp3,056273.mp3,014318.mp3,020469.mp3,096728.mp3,014602.mp3,013578.mp3,011775.mp3,018034.mp3,010678.mp3,,047826.mp3,038904.mp3,,,,038906.mp3,,030198.mp3,,,,,,,,,,,
023155.mp3,057180.mp3,014358.mp3,021085.mp3,096738.mp3,014745.mp3,014317.mp3,011777.mp3,018038.mp3,010696.mp3,,052641.mp3,038907.mp3,,,,039359.mp3,,030487.mp3,,,,,,,,,,,
023371.mp3,057630.mp3,014572.mp3,021403.mp3,149370.mp3,015210.mp3,014538.mp3,011786.mp3,018145.mp3,010698.mp3,,053576.mp3,040233.mp3,,,,040147.mp3,,031041.mp3,,,,,,,,,,,
025795.mp3,059448.mp3,014604.mp3,021707.mp3,150017.mp3,015543.mp3,014578.mp3,011921.mp3,018197.mp3,010806.mp3,,053862.mp3,040598.mp3,,,,040241.mp3,,031392.mp3,,,,,,,,,,,
026464.mp3,059669.mp3,014661.mp3,021859.mp3,,016162.mp3,014584.mp3,011942.mp3,018877.mp3,011262.mp3,,054032.mp3,040903.mp3,,,,042241.mp3,,031889.mp3,,,,,,,,,,,
026640.mp3,059677.mp3,015488.mp3,022091.mp3,,016334.mp3,014586.mp3,012051.mp3,019415.mp3,011544.mp3,,054570.mp3,041812.mp3,,,,042761.mp3,,032330.mp3,,,,,,,,,,,
026651.mp3,060145.mp3,015772.mp3,023016.mp3,,016354.mp3,014684.mp3,012064.mp3,020362.mp3,011677.mp3,,054624.mp3,041962.mp3,,,,043883.mp3,,032331.mp3,,,,,,,,,,,
027198.mp3,061007.mp3,015880.mp3,023329.mp3,,016895.mp3,014809.mp3,012109.mp3,020366.mp3,011780.mp3,,055102.mp3,042023.mp3,,,,044803.mp3,,032693.mp3,,,,,,,,,,,
028070.mp3,061160.mp3,016155.mp3,024515.mp3,,017735.mp3,015475.mp3,012355.mp3,020373.mp3,011781.mp3,,055124.mp3,042376.mp3,,,,045474.mp3,,033068.mp3,,,,,,,,,,,
028608.mp3,061453.mp3,016158.mp3,024745.mp3,,017906.mp3,015771.mp3,012394.mp3,020375.mp3,011782.mp3,,055237.mp3,042442.mp3,,,,045518.mp3,,035527.mp3,,,,,,,,,,,
029045.mp3,062448.mp3,016340.mp3,024747.mp3,,018043.mp3,016880.mp3,012488.mp3,020818.mp3,011785.mp3,,055430.mp3,042911.mp3,,,,047894.mp3,,037131.mp3,,,,,,,,,,,
029243.mp3,063255.mp3,016747.mp3,024842.mp3,,018144.mp3,017632.mp3,012521.mp3,021167.mp3,011803.mp3,,056474.mp3,043587.mp3,,,,048317.mp3,,038834.mp3,,,,,,,,,,,
029742.mp3,063789.mp3,016822.mp3,025104.mp3,,018350.mp3,017782.mp3,012527.mp3,021565.mp3,011868.mp3,,058174.mp3,043844.mp3,,,,048439.mp3,,038894.mp3,,,,,,,,,,,
029752.mp3,063936.mp3,016994.mp3,025215.mp3,,019412.mp3,018112.mp3,013325.mp3,022315.mp3,011917.mp3,,059684.mp3,043886.mp3,,,,048456.mp3,,038898.mp3,,,,,,,,,,,
030059.mp3,064007.mp3,017132.mp3,025796.mp3,,019413.mp3,018146.mp3,013540.mp3,023013.mp3,012046.mp3,,059711.mp3,044796.mp3,,,,048808.mp3,,038908.mp3,,,,,,,,,,,
030230.mp3,064364.mp3,017607.mp3,026008.mp3,,019420.mp3,019073.mp3,013706.mp3,023355.mp3,012059.mp3,,060074.mp3,045153.mp3,,,,049061.mp3,,039484.mp3,,,,,,,,,,,
030522.mp3,064523.mp3,017635.mp3,026010.mp3,,019673.mp3,019187.mp3,013708.mp3,023862.mp3,012188.mp3,,062001.mp3,046158.mp3,,,,049817.mp3,,039658.mp3,,,,,,,,,,,
030702.mp3,064895.mp3,018037.mp3,026025.mp3,,019689.mp3,019442.mp3,013710.mp3,024699.mp3,012387.mp3,,062183.mp3,046611.mp3,,,,050448.mp3,,040909.mp3,,,,,,,,,,,
031999.mp3,065779.mp3,019074.mp3,026169.mp3,,019891.mp3,019889.mp3,013747.mp3,025033.mp3,012526.mp3,,062592.mp3,048493.mp3,,,,051269.mp3,,042019.mp3,,,,,,,,,,,
033070.mp3,066073.mp3,019708.mp3,026298.mp3,,020369.mp3,021842.mp3,013749.mp3,025216.mp3,012531.mp3,,064331.mp3,049846.mp3,,,,051271.mp3,,042048.mp3,,,,,,,,,,,
033123.mp3,067332.mp3,021401.mp3,026307.mp3,,021774.mp3,021860.mp3,014316.mp3,026653.mp3,012690.mp3,,064366.mp3,049847.mp3,,,,051274.mp3,,042236.mp3,,,,,,,,,,,
035462.mp3,067363.mp3,022093.mp3,026605.mp3,,021998.mp3,022348.mp3,014541.mp3,026658.mp3,012692.mp3,,064601.mp3,051117.mp3,,,,052040.mp3,,042844.mp3,,,,,,,,,,,
035534.mp3,068404.mp3,022476.mp3,026674.mp3,,022001.mp3,024369.mp3,014542.mp3,026681.mp3,012737.mp3,,067364.mp3,051261.mp3,,,,052632.mp3,,043020.mp3,,,,,,,,,,,
036258.mp3,068896.mp3,023172.mp3,027406.mp3,,022472.mp3,024418.mp3,014583.mp3,027547.mp3,012985.mp3,,069002.mp3,052042.mp3,,,,052646.mp3,,043859.mp3,,,,,,,,,,,
036999.mp3,068898.mp3,023353.mp3,027551.mp3,,022479.mp3,024427.mp3,014590.mp3,027667.mp3,012986.mp3,,070873.mp3,052119.mp3,,,,053592.mp3,,043863.mp3,,,,,,,,,,,
037141.mp3,093940.mp3,024218.mp3,027609.mp3,,022481.mp3,024739.mp3,014735.mp3,027981.mp3,013201.mp3,,093915.mp3,052122.mp3,,,,054039.mp3,,043865.mp3,,,,,,,,,,,
037369.mp3,148235.mp3,024368.mp3,027610.mp3,,024426.mp3,024746.mp3,014742.mp3,028072.mp3,013362.mp3,,094026.mp3,052380.mp3,,,,054666.mp3,,043866.mp3,,,,,,,,,,,
038323.mp3,148609.mp3,024521.mp3,027612.mp3,,024512.mp3,024748.mp3,015464.mp3,028692.mp3,013474.mp3,,096627.mp3,052650.mp3,,,,055231.mp3,,044236.mp3,,,,,,,,,,,
038352.mp3,151404.mp3,024700.mp3,028241.mp3,,024524.mp3,024749.mp3,015469.mp3,029037.mp3,013562.mp3,,148305.mp3,053300.mp3,,,,055232.mp3,,044779.mp3,,,,,,,,,,,
038557.mp3,,024915.mp3,028483.mp3,,024901.mp3,024917.mp3,015471.mp3,029245.mp3,013596.mp3,,148608.mp3,053302.mp3,,,,055235.mp3,,044799.mp3,,,,,,,,,,,
038820.mp3,,024963.mp3,029042.mp3,,025797.mp3,025030.mp3,015540.mp3,029271.mp3,013670.mp3,,,053728.mp3,,,,055709.mp3,,044952.mp3,,,,,,,,,,,
038825.mp3,,025028.mp3,029587.mp3,,026014.mp3,025066.mp3,015542.mp3,029272.mp3,013748.mp3,,,054031.mp3,,,,055712.mp3,,045125.mp3,,,,,,,,,,,
038892.mp3,,026017.mp3,032332.mp3,,026642.mp3,025227.mp3,016339.mp3,029355.mp3,014315.mp3,,,056020.mp3,,,,055826.mp3,,045127.mp3,,,,,,,,,,,
039666.mp3,,026036.mp3,032438.mp3,,026654.mp3,025233.mp3,016819.mp3,029744.mp3,014391.mp3,,,057892.mp3,,,,055827.mp3,,045519.mp3,,,,,,,,,,,
039900.mp3,,026639.mp3,032759.mp3,,026655.mp3,025601.mp3,016995.mp3,029813.mp3,014569.mp3,,,057937.mp3,,,,056034.mp3,,045523.mp3,,,,,,,,,,,
040139.mp3,,027197.mp3,033216.mp3,,026656.mp3,025668.mp3,017462.mp3,030058.mp3,014570.mp3,,,058540.mp3,,,,057661.mp3,,046718.mp3,,,,,,,,,,,
040660.mp3,,027673.mp3,033460.mp3,,027194.mp3,025669.mp3,017606.mp3,030090.mp3,014571.mp3,,,059673.mp3,,,,058116.mp3,,046841.mp3,,,,,,,,,,,
040940.mp3,,027803.mp3,033477.mp3,,027549.mp3,025802.mp3,019438.mp3,030486.mp3,014581.mp3,,,060544.mp3,,,,060146.mp3,,047076.mp3,,,,,,,,,,,
041191.mp3,,027805.mp3,035007.mp3,,027799.mp3,026322.mp3,019459.mp3,032336.mp3,014663.mp3,,,060736.mp3,,,,060474.mp3,,047196.mp3,,,,,,,,,,,
042017.mp3,,027856.mp3,035199.mp3,,027804.mp3,026583.mp3,019685.mp3,032694.mp3,014693.mp3,,,060776.mp3,,,,060548.mp3,,048437.mp3,,,,,,,,,,,
042030.mp3,,028802.mp3,036147.mp3,,027953.mp3,026643.mp3,019759.mp3,032760.mp3,016095.mp3,,,061012.mp3,,,,061008.mp3,,048443.mp3,,,,,,,,,,,
042046.mp3,,029480.mp3,036257.mp3,,027975.mp3,026659.mp3,020374.mp3,033050.mp3,016820.mp3,,,062655.mp3,,,,061820.mp3,,048444.mp3,,,,,,,,,,,
043516.mp3,,029673.mp3,036961.mp3,,027978.mp3,026904.mp3,020704.mp3,035008.mp3,016879.mp3,,,063251.mp3,,,,062426.mp3,,048452.mp3,,,,,,,,,,,
043767.mp3,,029750.mp3,036985.mp3,,027987.mp3,026905.mp3,021232.mp3,035543.mp3,017496.mp3,,,063258.mp3,,,,062596.mp3,,048466.mp3,,,,,,,,,,,
043842.mp3,,029971.mp3,036994.mp3,,028481.mp3,027797.mp3,021402.mp3,035544.mp3,017573.mp3,,,064247.mp3,,,,062753.mp3,,049073.mp3,,,,,,,,,,,
044795.mp3,,030682.mp3,037538.mp3,,029718.mp3,027855.mp3,021657.mp3,036435.mp3,017611.mp3,,,064516.mp3,,,,063044.mp3,,050276.mp3,,,,,,,,,,,
044822.mp3,,030895.mp3,038361.mp3,,029720.mp3,027866.mp3,021891.mp3,036526.mp3,017631.mp3,,,064855.mp3,,,,063065.mp3,,050449.mp3,,,,,,,,,,,
044917.mp3,,031042.mp3,038784.mp3,,029738.mp3,028179.mp3,021995.mp3,036560.mp3,017636.mp3,,,064992.mp3,,,,063253.mp3,,052036.mp3,,,,,,,,,,,
045119.mp3,,032325.mp3,038785.mp3,,030488.mp3,028477.mp3,022473.mp3,036959.mp3,017637.mp3,,,065073.mp3,,,,063755.mp3,,052041.mp3,,,,,,,,,,,
045514.mp3,,032326.mp3,038819.mp3,,031887.mp3,028482.mp3,023014.mp3,036988.mp3,018031.mp3,,,067362.mp3,,,,063908.mp3,,052447.mp3,,,,,,,,,,,
045516.mp3,,032335.mp3,038890.mp3,,032081.mp3,028485.mp3,023039.mp3,037041.mp3,018039.mp3,,,068893.mp3,,,,064517.mp3,,052629.mp3,,,,,,,,,,,
047069.mp3,,034257.mp3,038914.mp3,,032218.mp3,028546.mp3,024364.mp3,037859.mp3,018607.mp3,,,069828.mp3,,,,064521.mp3,,052639.mp3,,,,,,,,,,,
047199.mp3,,034263.mp3,038964.mp3,,032329.mp3,029041.mp3,024431.mp3,038321.mp3,018876.mp3,,,070002.mp3,,,,064991.mp3,,053301.mp3,,,,,,,,,,,
047200.mp3,,035299.mp3,039188.mp3,,032687.mp3,029180.mp3,024702.mp3,038450.mp3,018887.mp3,,,070207.mp3,,,,065685.mp3,,053591.mp3,,,,,,,,,,,
047471.mp3,,035444.mp3,039664.mp3,,033071.mp3,029255.mp3,024720.mp3,038522.mp3,019423.mp3,,,092284.mp3,,,,066650.mp3,,054376.mp3,,,,,,,,,,,
047707.mp3,,036097.mp3,040250.mp3,,033459.mp3,029602.mp3,024741.mp3,038560.mp3,019425.mp3,,,094630.mp3,,,,066689.mp3,,055186.mp3,,,,,,,,,,,
047921.mp3,,036145.mp3,040655.mp3,,033461.mp3,029807.mp3,024898.mp3,038822.mp3,019758.mp3,,,094632.mp3,,,,067232.mp3,,055241.mp3,,,,,,,,,,,
048293.mp3,,036273.mp3,040656.mp3,,035204.mp3,030740.mp3,024975.mp3,038880.mp3,020372.mp3,,,095248.mp3,,,,067358.mp3,,055291.mp3,,,,,,,,,,,
049030.mp3,,036986.mp3,041147.mp3,,035535.mp3,031807.mp3,024983.mp3,038899.mp3,021409.mp3,,,096560.mp3,,,,067598.mp3,,056036.mp3,,,,,,,,,,,
049067.mp3,,036997.mp3,041714.mp3,,035539.mp3,032327.mp3,025031.mp3,038905.mp3,021422.mp3,,,148429.mp3,,,,068541.mp3,,056469.mp3,,,,,,,,,,,
050323.mp3,,037325.mp3,041820.mp3,,035571.mp3,032689.mp3,025032.mp3,038912.mp3,021672.mp3,,,149103.mp3,,,,068582.mp3,,056691.mp3,,,,,,,,,,,
050445.mp3,,037727.mp3,042029.mp3,,036261.mp3,033049.mp3,025124.mp3,038965.mp3,021676.mp3,,,,,,,068683.mp3,,057344.mp3,,,,,,,,,,,
051292.mp3,,038362.mp3,042031.mp3,,036481.mp3,033072.mp3,025232.mp3,040123.mp3,021996.mp3,,,,,,,068899.mp3,,057938.mp3,,,,,,,,,,,
051659.mp3,,038399.mp3,042044.mp3,,036567.mp3,033203.mp3,025235.mp3,041310.mp3,021997.mp3,,,,,,,068909.mp3,,058052.mp3,,,,,,,,,,,
051784.mp3,,038783.mp3,042119.mp3,,037119.mp3,033221.mp3,025324.mp3,042146.mp3,021999.mp3,,,,,,,069195.mp3,,058225.mp3,,,,,,,,,,,
052044.mp3,,038817.mp3,042240.mp3,,037725.mp3,033415.mp3,025609.mp3,042234.mp3,022095.mp3,,,,,,,069203.mp3,,058334.mp3,,,,,,,,,,,
052446.mp3,,038826.mp3,042243.mp3,,038782.mp3,033446.mp3,025670.mp3,042915.mp3,022478.mp3,,,,,,,069221.mp3,,058541.mp3,,,,,,,,,,,
052522.mp3,,038881.mp3,042373.mp3,,038886.mp3,035182.mp3,026021.mp3,043022.mp3,023037.mp3,,,,,,,069554.mp3,,059443.mp3,,,,,,,,,,,
053154.mp3,,038887.mp3,042659.mp3,,039317.mp3,035184.mp3,026026.mp3,043518.mp3,024216.mp3,,,,,,,069555.mp3,,059454.mp3,,,,,,,,,,,
054033.mp3,,038895.mp3,043021.mp3,,039488.mp3,035550.mp3,026034.mp3,043593.mp3,024370.mp3,,,,,,,069727.mp3,,059656.mp3,,,,,,,,,,,
054063.mp3,,038966.mp3,043030.mp3,,039667.mp3,035569.mp3,026035.mp3,043596.mp3,024420.mp3,,,,,,,069732.mp3,,059675.mp3,,,,,,,,,,,
054149.mp3,,039259.mp3,043623.mp3,,040240.mp3,035734.mp3,026174.mp3,043867.mp3,024423.mp3,,,,,,,069745.mp3,,059721.mp3,,,,,,,,,,,
054297.mp3,,039298.mp3,043698.mp3,,040659.mp3,036146.mp3,026302.mp3,043868.mp3,024429.mp3,,,,,,,070660.mp3,,059930.mp3,,,,,,,,,,,
054463.mp3,,039357.mp3,043761.mp3,,040683.mp3,036659.mp3,026629.mp3,044354.mp3,024430.mp3,,,,,,,092124.mp3,,060144.mp3,,,,,,,,,,,
054464.mp3,,039660.mp3,043765.mp3,,040984.mp3,036965.mp3,026638.mp3,044781.mp3,024717.mp3,,,,,,,093950.mp3,,060472.mp3,,,,,,,,,,,
054466.mp3,,039663.mp3,043766.mp3,,040986.mp3,036966.mp3,026754.mp3,044800.mp3,024742.mp3,,,,,,,094419.mp3,,060777.mp3,,,,,,,,,,,
054469.mp3,,040141.mp3,044806.mp3,,041018.mp3,036990.mp3,027177.mp3,044849.mp3,024899.mp3,,,,,,,095912.mp3,,062165.mp3,,,,,,,,,,,
054480.mp3,,040230.mp3,044809.mp3,,041965.mp3,036992.mp3,028484.mp3,044853.mp3,024912.mp3,,,,,,,096166.mp3,,062184.mp3,,,,,,,,,,,
054496.mp3,,040236.mp3,044848.mp3,,042135.mp3,036998.mp3,029039.mp3,044918.mp3,025029.mp3,,,,,,,096169.mp3,,062185.mp3,,,,,,,,,,,
054578.mp3,,040238.mp3,044854.mp3,,042789.mp3,037111.mp3,029040.mp3,045055.mp3,025063.mp3,,,,,,,096699.mp3,,063457.mp3,,,,,,,,,,,
054667.mp3,,040242.mp3,045102.mp3,,042984.mp3,037113.mp3,029044.mp3,046157.mp3,025234.mp3,,,,,,,096730.mp3,,063470.mp3,,,,,,,,,,,
055149.mp3,,040541.mp3,045390.mp3,,043018.mp3,037324.mp3,029465.mp3,046162.mp3,025378.mp3,,,,,,,096946.mp3,,063805.mp3,,,,,,,,,,,
055242.mp3,,040542.mp3,045393.mp3,,043534.mp3,037416.mp3,029530.mp3,046717.mp3,025606.mp3,,,,,,,148285.mp3,,064626.mp3,,,,,,,,,,,
055292.mp3,,040843.mp3,045521.mp3,,043585.mp3,037423.mp3,029719.mp3,047195.mp3,025608.mp3,,,,,,,148302.mp3,,065039.mp3,,,,,,,,,,,
055293.mp3,,041020.mp3,046160.mp3,,043695.mp3,037920.mp3,029740.mp3,047202.mp3,025804.mp3,,,,,,,148510.mp3,,067333.mp3,,,,,,,,,,,
055437.mp3,,041095.mp3,046711.mp3,,043696.mp3,038351.mp3,030519.mp3,048307.mp3,026007.mp3,,,,,,,148584.mp3,,067829.mp3,,,,,,,,,,,
055572.mp3,,042139.mp3,047032.mp3,,043697.mp3,038353.mp3,030520.mp3,048440.mp3,026012.mp3,,,,,,,148587.mp3,,068840.mp3,,,,,,,,,,,
055714.mp3,,042141.mp3,047073.mp3,,043768.mp3,038776.mp3,030690.mp3,048463.mp3,026013.mp3,,,,,,,149626.mp3,,069188.mp3,,,,,,,,,,,
055716.mp3,,042245.mp3,047197.mp3,,043857.mp3,038778.mp3,031043.mp3,048990.mp3,026641.mp3,,,,,,,149776.mp3,,069204.mp3,,,,,,,,,,,
055786.mp3,,042375.mp3,047526.mp3,,043965.mp3,038824.mp3,031390.mp3,049068.mp3,026902.mp3,,,,,,,,,069205.mp3,,,,,,,,,,,
055807.mp3,,042475.mp3,047663.mp3,,044777.mp3,039378.mp3,031888.mp3,049072.mp3,026906.mp3,,,,,,,,,069682.mp3,,,,,,,,,,,
055810.mp3,,042751.mp3,048042.mp3,,044780.mp3,039607.mp3,032021.mp3,050283.mp3,027195.mp3,,,,,,,,,069823.mp3,,,,,,,,,,,
056247.mp3,,042914.mp3,048043.mp3,,044821.mp3,039659.mp3,032328.mp3,050539.mp3,029043.mp3,,,,,,,,,070005.mp3,,,,,,,,,,,
056497.mp3,,042966.mp3,048269.mp3,,045103.mp3,039665.mp3,032333.mp3,050754.mp3,029128.mp3,,,,,,,,,092868.mp3,,,,,,,,,,,
056688.mp3,,043026.mp3,048454.mp3,,045149.mp3,040232.mp3,032337.mp3,051655.mp3,029351.mp3,,,,,,,,,092881.mp3,,,,,,,,,,,
056692.mp3,,043029.mp3,048457.mp3,,045941.mp3,040239.mp3,032433.mp3,051923.mp3,029739.mp3,,,,,,,,,093921.mp3,,,,,,,,,,,
057274.mp3,,043063.mp3,048464.mp3,,046068.mp3,040243.mp3,032437.mp3,052045.mp3,029741.mp3,,,,,,,,,094034.mp3,,,,,,,,,,,
057371.mp3,,043172.mp3,048489.mp3,,046720.mp3,040842.mp3,032525.mp3,052127.mp3,029745.mp3,,,,,,,,,094093.mp3,,,,,,,,,,,
057639.mp3,,043536.mp3,049071.mp3,,046839.mp3,040844.mp3,032695.mp3,052635.mp3,029746.mp3,,,,,,,,,094426.mp3,,,,,,,,,,,
057943.mp3,,043594.mp3,049476.mp3,,046844.mp3,041192.mp3,032756.mp3,052642.mp3,029747.mp3,,,,,,,,,096742.mp3,,,,,,,,,,,
058166.mp3,,043599.mp3,049843.mp3,,046855.mp3,041568.mp3,032800.mp3,053152.mp3,029816.mp3,,,,,,,,,148518.mp3,,,,,,,,,,,
058221.mp3,,043691.mp3,050444.mp3,,046928.mp3,041605.mp3,033465.mp3,053156.mp3,030050.mp3,,,,,,,,,148610.mp3,,,,,,,,,,,
059445.mp3,,043773.mp3,050543.mp3,,046930.mp3,041825.mp3,033486.mp3,053157.mp3,030095.mp3,,,,,,,,,148613.mp3,,,,,,,,,,,
059660.mp3,,043856.mp3,051006.mp3,,047194.mp3,042014.mp3,033992.mp3,053457.mp3,030120.mp3,,,,,,,,,149082.mp3,,,,,,,,,,,
059671.mp3,,044793.mp3,051785.mp3,,047506.mp3,042045.mp3,034003.mp3,054236.mp3,031040.mp3,,,,,,,,,149714.mp3,,,,,,,,,,,
060037.mp3,,045099.mp3,052034.mp3,,047658.mp3,042247.mp3,034484.mp3,054335.mp3,031165.mp3,,,,,,,,,150266.mp3,,,,,,,,,,,
060038.mp3,,045101.mp3,052501.mp3,,048488.mp3,042648.mp3,034510.mp3,054476.mp3,031356.mp3,,,,,,,,,,,,,,,,,,,,
060477.mp3,,045508.mp3,052628.mp3,,048492.mp3,043520.mp3,035198.mp3,054664.mp3,031568.mp3,,,,,,,,,,,,,,,,,,,,
060754.mp3,,045513.mp3,052947.mp3,,048763.mp3,043535.mp3,035537.mp3,055711.mp3,032439.mp3,,,,,,,,,,,,,,,,,,,,
060758.mp3,,045520.mp3,054019.mp3,,048815.mp3,043592.mp3,036245.mp3,055783.mp3,032755.mp3,,,,,,,,,,,,,,,,,,,,
060875.mp3,,045522.mp3,054156.mp3,,049029.mp3,043595.mp3,036302.mp3,056015.mp3,033124.mp3,,,,,,,,,,,,,,,,,,,,
061006.mp3,,046525.mp3,054468.mp3,,049070.mp3,043600.mp3,036614.mp3,056033.mp3,033278.mp3,,,,,,,,,,,,,,,,,,,,
061013.mp3,,047075.mp3,054554.mp3,,049812.mp3,043699.mp3,036983.mp3,056471.mp3,033538.mp3,,,,,,,,,,,,,,,,,,,,
061492.mp3,,047198.mp3,055549.mp3,,049848.mp3,044802.mp3,037730.mp3,056649.mp3,034167.mp3,,,,,,,,,,,,,,,,,,,,
061742.mp3,,047260.mp3,055831.mp3,,050752.mp3,044804.mp3,037731.mp3,056687.mp3,034994.mp3,,,,,,,,,,,,,,,,,,,,
062589.mp3,,047670.mp3,055832.mp3,,050753.mp3,044851.mp3,038312.mp3,056694.mp3,035296.mp3,,,,,,,,,,,,,,,,,,,,
062591.mp3,,047865.mp3,055833.mp3,,051157.mp3,044948.mp3,038326.mp3,056795.mp3,035541.mp3,,,,,,,,,,,,,,,,,,,,
063292.mp3,,047896.mp3,056465.mp3,,051260.mp3,045126.mp3,038365.mp3,056800.mp3,035545.mp3,,,,,,,,,,,,,,,,,,,,
063456.mp3,,048367.mp3,056521.mp3,,051275.mp3,045387.mp3,038827.mp3,056801.mp3,035549.mp3,,,,,,,,,,,,,,,,,,,,
064078.mp3,,048369.mp3,056523.mp3,,051776.mp3,045392.mp3,038878.mp3,057178.mp3,036144.mp3,,,,,,,,,,,,,,,,,,,,
064079.mp3,,048442.mp3,056640.mp3,,051991.mp3,046159.mp3,038879.mp3,057272.mp3,036275.mp3,,,,,,,,,,,,,,,,,,,,
064604.mp3,,048450.mp3,056648.mp3,,051998.mp3,046854.mp3,038882.mp3,057540.mp3,036277.mp3,,,,,,,,,,,,,,,,,,,,
064630.mp3,,048465.mp3,056650.mp3,,052000.mp3,047193.mp3,038884.mp3,057662.mp3,036322.mp3,,,,,,,,,,,,,,,,,,,,
064789.mp3,,048861.mp3,056895.mp3,,052129.mp3,047659.mp3,038910.mp3,057823.mp3,036371.mp3,,,,,,,,,,,,,,,,,,,,
064834.mp3,,048864.mp3,057176.mp3,,052375.mp3,047666.mp3,038911.mp3,058161.mp3,036799.mp3,,,,,,,,,,,,,,,,,,,,
064857.mp3,,049062.mp3,057500.mp3,,052644.mp3,048015.mp3,038961.mp3,058170.mp3,036987.mp3,,,,,,,,,,,,,,,,,,,,
064993.mp3,,049064.mp3,057569.mp3,,053586.mp3,048044.mp3,039661.mp3,058333.mp3,037417.mp3,,,,,,,,,,,,,,,,,,,,
066469.mp3,,049066.mp3,057697.mp3,,053726.mp3,048494.mp3,040122.mp3,058539.mp3,038354.mp3,,,,,,,,,,,,,,,,,,,,
066648.mp3,,049441.mp3,057939.mp3,,054152.mp3,048862.mp3,040134.mp3,059658.mp3,038363.mp3,,,,,,,,,,,,,,,,,,,,
066717.mp3,,049478.mp3,058061.mp3,,054160.mp3,048865.mp3,040180.mp3,059683.mp3,038779.mp3,,,,,,,,,,,,,,,,,,,,
067365.mp3,,049842.mp3,058162.mp3,,054365.mp3,048931.mp3,040182.mp3,059708.mp3,038781.mp3,,,,,,,,,,,,,,,,,,,,
068892.mp3,,049844.mp3,059654.mp3,,054433.mp3,049394.mp3,040654.mp3,059725.mp3,038818.mp3,,,,,,,,,,,,,,,,,,,,
069170.mp3,,051005.mp3,059680.mp3,,054482.mp3,049401.mp3,040725.mp3,060170.mp3,038823.mp3,,,,,,,,,,,,,,,,,,,,
069181.mp3,,051113.mp3,059685.mp3,,054621.mp3,049407.mp3,041054.mp3,060478.mp3,038833.mp3,,,,,,,,,,,,,,,,,,,,
069206.mp3,,051291.mp3,059727.mp3,,054665.mp3,049408.mp3,041381.mp3,061161.mp3,038900.mp3,,,,,,,,,,,,,,,,,,,,
069564.mp3,,051333.mp3,060041.mp3,,054735.mp3,051120.mp3,041570.mp3,061172.mp3,038955.mp3,,,,,,,,,,,,,,,,,,,,
069723.mp3,,052001.mp3,060533.mp3,,055076.mp3,051262.mp3,041709.mp3,061591.mp3,039278.mp3,,,,,,,,,,,,,,,,,,,,
069768.mp3,,052393.mp3,060775.mp3,,055120.mp3,051276.mp3,041971.mp3,061736.mp3,039318.mp3,,,,,,,,,,,,,,,,,,,,
069904.mp3,,052448.mp3,062003.mp3,,055233.mp3,051278.mp3,042020.mp3,061814.mp3,039530.mp3,,,,,,,,,,,,,,,,,,,,
070772.mp3,,052508.mp3,062191.mp3,,055285.mp3,051301.mp3,042025.mp3,062163.mp3,039605.mp3,,,,,,,,,,,,,,,,,,,,
070775.mp3,,052638.mp3,062529.mp3,,055295.mp3,051918.mp3,042138.mp3,062527.mp3,039662.mp3,,,,,,,,,,,,,,,,,,,,
092129.mp3,,052645.mp3,062742.mp3,,055402.mp3,052035.mp3,042463.mp3,062534.mp3,039904.mp3,,,,,,,,,,,,,,,,,,,,
092508.mp3,,052948.mp3,062751.mp3,,055715.mp3,052039.mp3,043023.mp3,062749.mp3,040133.mp3,,,,,,,,,,,,,,,,,,,,
092562.mp3,,052953.mp3,063191.mp3,,055717.mp3,052634.mp3,043025.mp3,063045.mp3,040161.mp3,,,,,,,,,,,,,,,,,,,,
092952.mp3,,052955.mp3,063900.mp3,,055782.mp3,053160.mp3,043027.mp3,063224.mp3,040234.mp3,,,,,,,,,,,,,,,,,,,,
094102.mp3,,053578.mp3,064005.mp3,,055828.mp3,053379.mp3,043173.mp3,063471.mp3,040237.mp3,,,,,,,,,,,,,,,,,,,,
094411.mp3,,053587.mp3,064006.mp3,,055900.mp3,053588.mp3,043519.mp3,063999.mp3,040245.mp3,,,,,,,,,,,,,,,,,,,,
094422.mp3,,053723.mp3,064035.mp3,,056517.mp3,053675.mp3,043533.mp3,064334.mp3,040525.mp3,,,,,,,,,,,,,,,,,,,,
094465.mp3,,054064.mp3,064252.mp3,,056520.mp3,053937.mp3,043588.mp3,064538.mp3,040657.mp3,,,,,,,,,,,,,,,,,,,,
094467.mp3,,054153.mp3,064332.mp3,,056693.mp3,054062.mp3,043598.mp3,064542.mp3,040845.mp3,,,,,,,,,,,,,,,,,,,,
094638.mp3,,054237.mp3,064537.mp3,,056888.mp3,054234.mp3,043899.mp3,064556.mp3,040908.mp3,,,,,,,,,,,,,,,,,,,,
095249.mp3,,054436.mp3,064787.mp3,,057417.mp3,054442.mp3,043911.mp3,064625.mp3,041019.mp3,,,,,,,,,,,,,,,,,,,,
095251.mp3,,054470.mp3,064788.mp3,,057439.mp3,054568.mp3,044092.mp3,064858.mp3,041573.mp3,,,,,,,,,,,,,,,,,,,,
095911.mp3,,054475.mp3,064862.mp3,,057440.mp3,055113.mp3,044110.mp3,064859.mp3,041819.mp3,,,,,,,,,,,,,,,,,,,,
096168.mp3,,054479.mp3,064896.mp3,,057626.mp3,055183.mp3,044169.mp3,064863.mp3,042016.mp3,,,,,,,,,,,,,,,,,,,,
096729.mp3,,054481.mp3,066180.mp3,,057640.mp3,055234.mp3,044782.mp3,064918.mp3,042018.mp3,,,,,,,,,,,,,,,,,,,,
096759.mp3,,054626.mp3,066539.mp3,,057891.mp3,055288.mp3,044791.mp3,064995.mp3,042126.mp3,,,,,,,,,,,,,,,,,,,,
096901.mp3,,054719.mp3,066637.mp3,,058207.mp3,055294.mp3,044792.mp3,066187.mp3,042129.mp3,,,,,,,,,,,,,,,,,,,,
096944.mp3,,055123.mp3,066649.mp3,,058212.mp3,055436.mp3,044797.mp3,066483.mp3,042235.mp3,,,,,,,,,,,,,,,,,,,,
148032.mp3,,055286.mp3,067233.mp3,,059681.mp3,055480.mp3,044850.mp3,066535.mp3,043016.mp3,,,,,,,,,,,,,,,,,,,,
148066.mp3,,055290.mp3,067334.mp3,,059702.mp3,055710.mp3,044947.mp3,066690.mp3,043019.mp3,,,,,,,,,,,,,,,,,,,,
148132.mp3,,055481.mp3,067366.mp3,,059720.mp3,056275.mp3,045150.mp3,067308.mp3,043028.mp3,,,,,,,,,,,,,,,,,,,,
148303.mp3,,055809.mp3,067412.mp3,,060045.mp3,056460.mp3,045151.mp3,067361.mp3,043586.mp3,,,,,,,,,,,,,,,,,,,,
149623.mp3,,055811.mp3,067457.mp3,,060510.mp3,056499.mp3,045154.mp3,067557.mp3,043608.mp3,,,,,,,,,,,,,,,,,,,,
149700.mp3,,056010.mp3,068531.mp3,,060755.mp3,056516.mp3,045335.mp3,067637.mp3,043621.mp3,,,,,,,,,,,,,,,,,,,,
149701.mp3,,056028.mp3,068852.mp3,,060872.mp3,056552.mp3,045388.mp3,068354.mp3,043858.mp3,,,,,,,,,,,,,,,,,,,,
150267.mp3,,056274.mp3,069200.mp3,,061174.mp3,056639.mp3,046238.mp3,068538.mp3,043860.mp3,,,,,,,,,,,,,,,,,,,,
,,056470.mp3,069202.mp3,,061587.mp3,056646.mp3,046241.mp3,068551.mp3,044347.mp3,,,,,,,,,,,,,,,,,,,,
,,056493.mp3,069563.mp3,,062005.mp3,056802.mp3,046733.mp3,068587.mp3,044355.mp3,,,,,,,,,,,,,,,,,,,,
,,056495.mp3,069765.mp3,,062190.mp3,056803.mp3,046736.mp3,068682.mp3,044778.mp3,,,,,,,,,,,,,,,,,,,,
,,056559.mp3,069767.mp3,,062450.mp3,057175.mp3,046840.mp3,068838.mp3,044794.mp3,,,,,,,,,,,,,,,,,,,,
,,056645.mp3,069788.mp3,,062458.mp3,057179.mp3,046842.mp3,068869.mp3,044805.mp3,,,,,,,,,,,,,,,,,,,,
,,056690.mp3,070425.mp3,,062528.mp3,057273.mp3,047068.mp3,069193.mp3,044946.mp3,,,,,,,,,,,,,,,,,,,,
,,056696.mp3,070768.mp3,,063117.mp3,057437.mp3,047074.mp3,069198.mp3,044949.mp3,,,,,,,,,,,,,,,,,,,,
,,056797.mp3,070878.mp3,,063257.mp3,057629.mp3,047201.mp3,069199.mp3,044950.mp3,,,,,,,,,,,,,,,,,,,,
,,056874.mp3,092292.mp3,,063804.mp3,057663.mp3,047657.mp3,069207.mp3,044951.mp3,,,,,,,,,,,,,,,,,,,,
,,056929.mp3,092539.mp3,,063922.mp3,057820.mp3,047660.mp3,069744.mp3,045100.mp3,,,,,,,,,,,,,,,,,,,,
,,057164.mp3,092565.mp3,,064091.mp3,058060.mp3,047665.mp3,069747.mp3,045391.mp3,,,,,,,,,,,,,,,,,,,,
,,057442.mp3,092573.mp3,,064249.mp3,058117.mp3,047835.mp3,069762.mp3,045517.mp3,,,,,,,,,,,,,,,,,,,,
,,057665.mp3,092872.mp3,,064253.mp3,058135.mp3,047897.mp3,069763.mp3,045934.mp3,,,,,,,,,,,,,,,,,,,,
,,057821.mp3,094039.mp3,,064338.mp3,058213.mp3,048446.mp3,069789.mp3,046024.mp3,,,,,,,,,,,,,,,,,,,,
,,057822.mp3,094414.mp3,,064408.mp3,058341.mp3,048453.mp3,070174.mp3,046043.mp3,,,,,,,,,,,,,,,,,,,,
,,057968.mp3,096403.mp3,,064553.mp3,058543.mp3,048863.mp3,070879.mp3,046726.mp3,,,,,,,,,,,,,,,,,,,,
,,058115.mp3,096697.mp3,,064861.mp3,059374.mp3,049473.mp3,092206.mp3,047070.mp3,,,,,,,,,,,,,,,,,,,,
,,058164.mp3,096900.mp3,,064865.mp3,059449.mp3,050264.mp3,092548.mp3,047072.mp3,,,,,,,,,,,,,,,,,,,,
,,058173.mp3,096902.mp3,,065040.mp3,059561.mp3,050447.mp3,092888.mp3,047077.mp3,,,,,,,,,,,,,,,,,,,,
,,058215.mp3,148031.mp3,,065063.mp3,059657.mp3,051112.mp3,092948.mp3,047510.mp3,,,,,,,,,,,,,,,,,,,,
,,059078.mp3,148082.mp3,,065619.mp3,059676.mp3,051114.mp3,093523.mp3,047628.mp3,,,,,,,,,,,,,,,,,,,,
,,059562.mp3,148113.mp3,,065683.mp3,059687.mp3,051158.mp3,093710.mp3,047662.mp3,,,,,,,,,,,,,,,,,,,,
,,059653.mp3,148210.mp3,,065745.mp3,059709.mp3,051267.mp3,093712.mp3,047916.mp3,,,,,,,,,,,,,,,,,,,,
,,059666.mp3,148289.mp3,,065752.mp3,059876.mp3,051273.mp3,093944.mp3,048046.mp3,,,,,,,,,,,,,,,,,,,,
,,059678.mp3,148443.mp3,,066482.mp3,060042.mp3,051954.mp3,093956.mp3,048368.mp3,,,,,,,,,,,,,,,,,,,,
,,059682.mp3,148514.mp3,,066537.mp3,060476.mp3,051992.mp3,093983.mp3,048462.mp3,,,,,,,,,,,,,,,,,,,,
,,060534.mp3,148612.mp3,,066638.mp3,060535.mp3,051999.mp3,094036.mp3,048491.mp3,,,,,,,,,,,,,,,,,,,,
,,060536.mp3,149124.mp3,,066643.mp3,060537.mp3,052037.mp3,094037.mp3,048999.mp3,,,,,,,,,,,,,,,,,,,,
,,060873.mp3,149416.mp3,,066646.mp3,060547.mp3,052124.mp3,094038.mp3,049857.mp3,,,,,,,,,,,,,,,,,,,,
,,062189.mp3,149775.mp3,,067235.mp3,060756.mp3,052125.mp3,094628.mp3,050272.mp3,,,,,,,,,,,,,,,,,,,,
,,062533.mp3,150063.mp3,,067707.mp3,060864.mp3,052389.mp3,094634.mp3,050446.mp3,,,,,,,,,,,,,,,,,,,,
,,062595.mp3,,,067760.mp3,061592.mp3,052409.mp3,095189.mp3,050836.mp3,,,,,,,,,,,,,,,,,,,,
,,063289.mp3,,,067766.mp3,061734.mp3,052451.mp3,095506.mp3,050955.mp3,,,,,,,,,,,,,,,,,,,,
,,063472.mp3,,,068407.mp3,061821.mp3,052500.mp3,095726.mp3,050956.mp3,,,,,,,,,,,,,,,,,,,,
,,063747.mp3,,,068592.mp3,062007.mp3,052579.mp3,095910.mp3,051004.mp3,,,,,,,,,,,,,,,,,,,,
,,063874.mp3,,,068601.mp3,062164.mp3,052633.mp3,096399.mp3,051111.mp3,,,,,,,,,,,,,,,,,,,,
,,064409.mp3,,,068854.mp3,062180.mp3,052636.mp3,096402.mp3,051118.mp3,,,,,,,,,,,,,,,,,,,,
,,064520.mp3,,,068862.mp3,062187.mp3,052647.mp3,096695.mp3,051265.mp3,,,,,,,,,,,,,,,,,,,,
,,064535.mp3,,,068891.mp3,062188.mp3,052649.mp3,096698.mp3,051268.mp3,,,,,,,,,,,,,,,,,,,,
,,064590.mp3,,,068897.mp3,062192.mp3,052945.mp3,148290.mp3,051479.mp3,,,,,,,,,,,,,,,,,,,,
,,064592.mp3,,,069001.mp3,062196.mp3,052954.mp3,149100.mp3,052118.mp3,,,,,,,,,,,,,,,,,,,,
,,064593.mp3,,,069182.mp3,062445.mp3,053228.mp3,149101.mp3,052120.mp3,,,,,,,,,,,,,,,,,,,,
,,064631.mp3,,,069211.mp3,062446.mp3,053299.mp3,149138.mp3,052121.mp3,,,,,,,,,,,,,,,,,,,,
,,064809.mp3,,,069766.mp3,062449.mp3,053589.mp3,149139.mp3,052123.mp3,,,,,,,,,,,,,,,,,,,,
,,064893.mp3,,,069781.mp3,063064.mp3,053725.mp3,149452.mp3,052126.mp3,,,,,,,,,,,,,,,,,,,,
,,064919.mp3,,,069826.mp3,063161.mp3,054150.mp3,149690.mp3,052128.mp3,,,,,,,,,,,,,,,,,,,,
,,065076.mp3,,,069827.mp3,063226.mp3,054154.mp3,150062.mp3,052449.mp3,,,,,,,,,,,,,,,,,,,,
,,065777.mp3,,,070300.mp3,063250.mp3,054155.mp3,150268.mp3,052452.mp3,,,,,,,,,,,,,,,,,,,,
,,065893.mp3,,,070301.mp3,063252.mp3,054235.mp3,,052502.mp3,,,,,,,,,,,,,,,,,,,,
,,066534.mp3,,,070402.mp3,063626.mp3,054438.mp3,,052630.mp3,,,,,,,,,,,,,,,,,,,,
,,066536.mp3,,,070875.mp3,064009.mp3,054465.mp3,,052631.mp3,,,,,,,,,,,,,,,,,,,,
,,066641.mp3,,,092130.mp3,064365.mp3,054467.mp3,,052637.mp3,,,,,,,,,,,,,,,,,,,,
,,066757.mp3,,,092366.mp3,064840.mp3,054580.mp3,,052861.mp3,,,,,,,,,,,,,,,,,,,,
,,067163.mp3,,,092535.mp3,064856.mp3,054625.mp3,,052946.mp3,,,,,,,,,,,,,,,,,,,,
,,067336.mp3,,,092536.mp3,065077.mp3,054662.mp3,,052951.mp3,,,,,,,,,,,,,,,,,,,,
,,067470.mp3,,,092538.mp3,065090.mp3,054874.mp3,,053159.mp3,,,,,,,,,,,,,,,,,,,,
,,067558.mp3,,,092540.mp3,065755.mp3,054942.mp3,,053229.mp3,,,,,,,,,,,,,,,,,,,,
,,067600.mp3,,,092873.mp3,066074.mp3,055122.mp3,,053381.mp3,,,,,,,,,,,,,,,,,,,,
,,067638.mp3,,,092886.mp3,066076.mp3,055240.mp3,,053496.mp3,,,,,,,,,,,,,,,,,,,,
,,067639.mp3,,,092887.mp3,066525.mp3,055289.mp3,,053807.mp3,,,,,,,,,,,,,,,,,,,,
,,067661.mp3,,,093518.mp3,066636.mp3,055808.mp3,,054034.mp3,,,,,,,,,,,,,,,,,,,,
,,067793.mp3,,,093522.mp3,066644.mp3,056030.mp3,,054151.mp3,,,,,,,,,,,,,,,,,,,,
,,068353.mp3,,,093716.mp3,066782.mp3,056248.mp3,,054158.mp3,,,,,,,,,,,,,,,,,,,,
,,068410.mp3,,,093727.mp3,066783.mp3,056249.mp3,,054159.mp3,,,,,,,,,,,,,,,,,,,,
,,068536.mp3,,,093867.mp3,067010.mp3,056468.mp3,,054163.mp3,,,,,,,,,,,,,,,,,,,,
,,068843.mp3,,,093986.mp3,067237.mp3,056472.mp3,,054443.mp3,,,,,,,,,,,,,,,,,,,,
,,068844.mp3,,,095452.mp3,067660.mp3,056496.mp3,,054623.mp3,,,,,,,,,,,,,,,,,,,,
,,068853.mp3,,,096400.mp3,068355.mp3,056519.mp3,,054703.mp3,,,,,,,,,,,,,,,,,,,,
,,068860.mp3,,,148112.mp3,068680.mp3,056695.mp3,,055097.mp3,,,,,,,,,,,,,,,,,,,,
,,068872.mp3,,,148124.mp3,068820.mp3,056798.mp3,,055101.mp3,,,,,,,,,,,,,,,,,,,,
,,069197.mp3,,,148187.mp3,069209.mp3,056799.mp3,,055238.mp3,,,,,,,,,,,,,,,,,,,,
,,069761.mp3,,,148444.mp3,069561.mp3,056805.mp3,,055287.mp3,,,,,,,,,,,,,,,,,,,,
,,069793.mp3,,,148519.mp3,069726.mp3,057177.mp3,,055713.mp3,,,,,,,,,,,,,,,,,,,,
,,069822.mp3,,,148602.mp3,069791.mp3,057271.mp3,,055830.mp3,,,,,,,,,,,,,,,,,,,,
,,069825.mp3,,,148605.mp3,069949.mp3,057628.mp3,,056029.mp3,,,,,,,,,,,,,,,,,,,,
,,069833.mp3,,,148607.mp3,070208.mp3,057648.mp3,,056031.mp3,,,,,,,,,,,,,,,,,,,,
,,069985.mp3,,,149078.mp3,070299.mp3,058068.mp3,,056466.mp3,,,,,,,,,,,,,,,,,,,,
,,070423.mp3,,,149102.mp3,070302.mp3,058474.mp3,,056467.mp3,,,,,,,,,,,,,,,,,,,,
,,070770.mp3,,,149140.mp3,070657.mp3,059446.mp3,,056498.mp3,,,,,,,,,,,,,,,,,,,,
,,092561.mp3,,,149142.mp3,092131.mp3,059581.mp3,,056518.mp3,,,,,,,,,,,,,,,,,,,,
,,092574.mp3,,,149488.mp3,092466.mp3,059664.mp3,,056651.mp3,,,,,,,,,,,,,,,,,,,,
,,092953.mp3,,,149689.mp3,092546.mp3,059679.mp3,,056686.mp3,,,,,,,,,,,,,,,,,,,,
,,092954.mp3,,,,092554.mp3,059688.mp3,,056804.mp3,,,,,,,,,,,,,,,,,,,,
,,092955.mp3,,,,092556.mp3,059710.mp3,,057360.mp3,,,,,,,,,,,,,,,,,,,,
,,093075.mp3,,,,092878.mp3,059718.mp3,,057435.mp3,,,,,,,,,,,,,,,,,,,,
,,093076.mp3,,,,092951.mp3,059719.mp3,,057627.mp3,,,,,,,,,,,,,,,,,,,,
,,093520.mp3,,,,093364.mp3,059823.mp3,,057658.mp3,,,,,,,,,,,,,,,,,,,,
,,093521.mp3,,,,093920.mp3,060143.mp3,,057936.mp3,,,,,,,,,,,,,,,,,,,,
,,093919.mp3,,,,093985.mp3,060317.mp3,,058063.mp3,,,,,,,,,,,,,,,,,,,,
,,094348.mp3,,,,094033.mp3,060331.mp3,,058070.mp3,,,,,,,,,,,,,,,,,,,,
,,095310.mp3,,,,094099.mp3,060757.mp3,,058140.mp3,,,,,,,,,,,,,,,,,,,,
,,095725.mp3,,,,094263.mp3,060857.mp3,,058169.mp3,,,,,,,,,,,,,,,,,,,,
,,096692.mp3,,,,094423.mp3,060874.mp3,,058542.mp3,,,,,,,,,,,,,,,,,,,,
,,096693.mp3,,,,095250.mp3,060994.mp3,,059451.mp3,,,,,,,,,,,,,,,,,,,,
,,148070.mp3,,,,095308.mp3,061175.mp3,,059663.mp3,,,,,,,,,,,,,,,,,,,,
,,148074.mp3,,,,095915.mp3,061452.mp3,,059695.mp3,,,,,,,,,,,,,,,,,,,,
,,148078.mp3,,,,096678.mp3,061493.mp3,,059707.mp3,,,,,,,,,,,,,,,,,,,,
,,148121.mp3,,,,096696.mp3,061679.mp3,,059723.mp3,,,,,,,,,,,,,,,,,,,,
,,148214.mp3,,,,096935.mp3,061884.mp3,,059724.mp3,,,,,,,,,,,,,,,,,,,,
,,148234.mp3,,,,148075.mp3,062186.mp3,,060549.mp3,,,,,,,,,,,,,,,,,,,,
,,148430.mp3,,,,148079.mp3,062193.mp3,,060753.mp3,,,,,,,,,,,,,,,,,,,,
,,148535.mp3,,,,148133.mp3,062194.mp3,,060865.mp3,,,,,,,,,,,,,,,,,,,,
,,148586.mp3,,,,148186.mp3,062337.mp3,,060871.mp3,,,,,,,,,,,,,,,,,,,,
,,149075.mp3,,,,148190.mp3,062436.mp3,,061010.mp3,,,,,,,,,,,,,,,,,,,,
,,149141.mp3,,,,148218.mp3,062452.mp3,,061011.mp3,,,,,,,,,,,,,,,,,,,,
,,149712.mp3,,,,148233.mp3,062526.mp3,,061491.mp3,,,,,,,,,,,,,,,,,,,,
,,149842.mp3,,,,148585.mp3,062594.mp3,,061668.mp3,,,,,,,,,,,,,,,,,,,,
,,150015.mp3,,,,148604.mp3,062750.mp3,,061670.mp3,,,,,,,,,,,,,,,,,,,,
,,150288.mp3,,,,148606.mp3,063149.mp3,,062195.mp3,,,,,,,,,,,,,,,,,,,,
,,,,,,149083.mp3,063287.mp3,,062525.mp3,,,,,,,,,,,,,,,,,,,,
,,,,,,149099.mp3,063290.mp3,,062531.mp3,,,,,,,,,,,,,,,,,,,,
,,,,,,149118.mp3,063291.mp3,,062532.mp3,,,,,,,,,,,,,,,,,,,,
,,,,,,149417.mp3,063770.mp3,,063043.mp3,,,,,,,,,,,,,,,,,,,,
,,,,,,149625.mp3,064008.mp3,,063159.mp3,,,,,,,,,,,,,,,,,,,,
,,,,,,150073.mp3,064522.mp3,,063655.mp3,,,,,,,,,,,,,,,,,,,,
,,,,,,,064591.mp3,,063733.mp3,,,,,,,,,,,,,,,,,,,,
,,,,,,,064627.mp3,,063757.mp3,,,,,,,,,,,,,,,,,,,,
,,,,,,,064841.mp3,,064333.mp3,,,,,,,,,,,,,,,,,,,,
,,,,,,,064854.mp3,,064407.mp3,,,,,,,,,,,,,,,,,,,,
,,,,,,,065037.mp3,,064515.mp3,,,,,,,,,,,,,,,,,,,,
,,,,,,,065265.mp3,,064519.mp3,,,,,,,,,,,,,,,,,,,,
,,,,,,,065488.mp3,,064536.mp3,,,,,,,,,,,,,,,,,,,,
,,,,,,,067011.mp3,,064594.mp3,,,,,,,,,,,,,,,,,,,,
,,,,,,,067121.mp3,,064628.mp3,,,,,,,,,,,,,,,,,,,,
,,,,,,,067331.mp3,,064866.mp3,,,,,,,,,,,,,,,,,,,,
,,,,,,,067359.mp3,,064989.mp3,,,,,,,,,,,,,,,,,,,,
,,,,,,,067360.mp3,,064990.mp3,,,,,,,,,,,,,,,,,,,,
,,,,,,,067367.mp3,,065780.mp3,,,,,,,,,,,,,,,,,,,,
,,,,,,,067368.mp3,,066058.mp3,,,,,,,,,,,,,,,,,,,,
,,,,,,,067673.mp3,,066075.mp3,,,,,,,,,,,,,,,,,,,,
,,,,,,,067763.mp3,,066538.mp3,,,,,,,,,,,,,,,,,,,,
,,,,,,,067764.mp3,,067330.mp3,,,,,,,,,,,,,,,,,,,,
,,,,,,,068539.mp3,,067500.mp3,,,,,,,,,,,,,,,,,,,,
,,,,,,,068579.mp3,,067553.mp3,,,,,,,,,,,,,,,,,,,,
,,,,,,,068821.mp3,,067597.mp3,,,,,,,,,,,,,,,,,,,,
,,,,,,,068839.mp3,,067765.mp3,,,,,,,,,,,,,,,,,,,,
,,,,,,,068851.mp3,,068444.mp3,,,,,,,,,,,,,,,,,,,,
,,,,,,,068861.mp3,,068537.mp3,,,,,,,,,,,,,,,,,,,,
,,,,,,,068875.mp3,,068540.mp3,,,,,,,,,,,,,,,,,,,,
,,,,,,,068895.mp3,,068543.mp3,,,,,,,,,,,,,,,,,,,,
,,,,,,,069194.mp3,,068549.mp3,,,,,,,,,,,,,,,,,,,,
,,,,,,,069196.mp3,,068573.mp3,,,,,,,,,,,,,,,,,,,,
,,,,,,,069201.mp3,,068600.mp3,,,,,,,,,,,,,,,,,,,,
,,,,,,,069208.mp3,,068837.mp3,,,,,,,,,,,,,,,,,,,,
,,,,,,,069303.mp3,,068841.mp3,,,,,,,,,,,,,,,,,,,,
,,,,,,,069764.mp3,,068894.mp3,,,,,,,,,,,,,,,,,,,,
,,,,,,,069784.mp3,,069210.mp3,,,,,,,,,,,,,,,,,,,,
,,,,,,,069785.mp3,,069223.mp3,,,,,,,,,,,,,,,,,,,,
,,,,,,,069824.mp3,,069567.mp3,,,,,,,,,,,,,,,,,,,,
,,,,,,,070426.mp3,,069746.mp3,,,,,,,,,,,,,,,,,,,,
,,,,,,,092275.mp3,,069787.mp3,,,,,,,,,,,,,,,,,,,,
,,,,,,,092950.mp3,,070206.mp3,,,,,,,,,,,,,,,,,,,,
,,,,,,,093074.mp3,,070303.mp3,,,,,,,,,,,,,,,,,,,,
,,,,,,,093704.mp3,,070403.mp3,,,,,,,,,,,,,,,,,,,,
,,,,,,,093941.mp3,,070409.mp3,,,,,,,,,,,,,,,,,,,,
,,,,,,,093942.mp3,,070424.mp3,,,,,,,,,,,,,,,,,,,,
,,,,,,,093981.mp3,,070654.mp3,,,,,,,,,,,,,,,,,,,,
,,,,,,,094101.mp3,,070773.mp3,,,,,,,,,,,,,,,,,,,,
,,,,,,,094468.mp3,,092125.mp3,,,,,,,,,,,,,,,,,,,,
,,,,,,,095231.mp3,,092282.mp3,,,,,,,,,,,,,,,,,,,,
,,,,,,,095309.mp3,,092283.mp3,,,,,,,,,,,,,,,,,,,,
,,,,,,,095535.mp3,,092549.mp3,,,,,,,,,,,,,,,,,,,,
,,,,,,,095722.mp3,,092874.mp3,,,,,,,,,,,,,,,,,,,,
,,,,,,,095724.mp3,,092885.mp3,,,,,,,,,,,,,,,,,,,,
,,,,,,,096167.mp3,,092947.mp3,,,,,,,,,,,,,,,,,,,,
,,,,,,,096401.mp3,,092949.mp3,,,,,,,,,,,,,,,,,,,,
,,,,,,,096657.mp3,,093918.mp3,,,,,,,,,,,,,,,,,,,,
,,,,,,,096675.mp3,,093943.mp3,,,,,,,,,,,,,,,,,,,,
,,,,,,,096726.mp3,,094415.mp3,,,,,,,,,,,,,,,,,,,,
,,,,,,,096731.mp3,,094449.mp3,,,,,,,,,,,,,,,,,,,,
,,,,,,,148028.mp3,,094631.mp3,,,,,,,,,,,,,,,,,,,,
,,,,,,,148076.mp3,,094635.mp3,,,,,,,,,,,,,,,,,,,,
,,,,,,,148077.mp3,,095486.mp3,,,,,,,,,,,,,,,,,,,,
,,,,,,,148114.mp3,,095564.mp3,,,,,,,,,,,,,,,,,,,,
,,,,,,,148211.mp3,,095727.mp3,,,,,,,,,,,,,,,,,,,,
,,,,,,,148286.mp3,,095908.mp3,,,,,,,,,,,,,,,,,,,,
,,,,,,,148287.mp3,,095914.mp3,,,,,,,,,,,,,,,,,,,,
,,,,,,,148288.mp3,,096408.mp3,,,,,,,,,,,,,,,,,,,,
,,,,,,,148513.mp3,,096718.mp3,,,,,,,,,,,,,,,,,,,,
,,,,,,,148532.mp3,,096936.mp3,,,,,,,,,,,,,,,,,,,,
,,,,,,,148537.mp3,,096945.mp3,,,,,,,,,,,,,,,,,,,,
,,,,,,,149143.mp3,,148002.mp3,,,,,,,,,,,,,,,,,,,,
,,,,,,,149185.mp3,,148130.mp3,,,,,,,,,,,,,,,,,,,,
,,,,,,,149369.mp3,,148131.mp3,,,,,,,,,,,,,,,,,,,,
,,,,,,,149777.mp3,,148168.mp3,,,,,,,,,,,,,,,,,,,,
,,,,,,,150018.mp3,,148208.mp3,,,,,,,,,,,,,,,,,,,,
,,,,,,,,,148212.mp3,,,,,,,,,,,,,,,,,,,,
,,,,,,,,,148213.mp3,,,,,,,,,,,,,,,,,,,,
,,,,,,,,,148215.mp3,,,,,,,,,,,,,,,,,,,,
,,,,,,,,,148231.mp3,,,,,,,,,,,,,,,,,,,,
,,,,,,,,,148439.mp3,,,,,,,,,,,,,,,,,,,,
,,,,,,,,,148441.mp3,,,,,,,,,,,,,,,,,,,,
,,,,,,,,,148516.mp3,,,,,,,,,,,,,,,,,,,,
,,,,,,,,,148536.mp3,,,,,,,,,,,,,,,,,,,,
,,,,,,,,,148611.mp3,,,,,,,,,,,,,,,,,,,,
,,,,,,,,,149422.mp3,,,,,,,,,,,,,,,,,,,,
,,,,,,,,,149523.mp3,,,,,,,,,,,,,,,,,,,,
,,,,,,,,,149687.mp3,,,,,,,,,,,,,,,,,,,,
,,,,,,,,,149778.mp3,,,,,,,,,,,,,,,,,,,,
,,,,,,,,,149953.mp3,,,,,,,,,,,,,,,,,,,,
,,,,,,,,,150078.mp3,,,,,,,,,,,,,,,,,,,,
,,,,,,,,,150079.mp3,,,,,,,,,,,,,,,,,,,,
,,,,,,,,,150080.mp3,,,,,,,,,,,,,,,,,,,,
